time_steps,reward ep.,length
1280,-1.0,88.2
2560,-0.9200000000000002,80.6
3840,-0.6599999999999999,78.0
5120,-0.6,85.6
