time_steps,reward ep.,length
1280,-1.3000000000000003,113.4
2560,-0.7000000000000002,89.6
