time_steps,reward ep.,length
1280,-1.2400000000000002,85.8
2560,-0.039999999999999994,117.8
3840,-0.56,59.2
