time_steps,reward ep.,length
6400,-0.9599999999999997,14.4
12800,-0.019999999999999952,14.6
