time_steps,reward ep.,length
1280,-0.9600000000000002,91.0
2560,-0.30000000000000004,112.2
3840,0.040000000000000036,105.4
