time_steps,reward ep.,length
1280,-1.5200000000000002,95.0
2560,7.479999999999987,84.8
3840,3.6399999999999992,75.2
5120,7.079999999999989,73.2
6400,7.539999999999987,83.6
